Sigla,Nome Completo,Tipo de serviço,Estado Operacional,Dados em Tempo Real (Operacional),Dados abertos,Comentário disponibilidade de dados,API,Comentário API ,Tipo de Interface,Tipo de Acesso,Descrição da Base de Dados,Tipo de Dados Oceanográficos,Exemplos de dados disponíveis,Instituição responsável pela base de dados,Cobertura Dados,Detalhe cobertura ,País,Link,Observações,Protocolos de Interoperabilidade,Contato responsável pelos dados,Tipo de licença de uso
AlgaeBase,AlgaeBase: Listing the World’s Algae,Agregador,Ativo,Nao,Sim,,Sim,https://api.algaebase.org/v1.3/,"Repositório, Portal de Dados, Catálogo","Portal Web, API","AlgaeBase é uma base de dados com informações sobre algas que abrange organismos terrestres, marinhos e de água doce. Para conveniência dos botânicos marinhos, também inclui as fanerógamas marinhas (cerca de 100 espécies), embora sejam plantas com flores.",Biológica,"Nomes de espécies, imagens, registros de ocorrência, distribuição.",AlgaeBase,Global,,Irlanda,https://www.algaebase.org/,,,,
Allen Coral Atlas,Allen Coral Atlas,Agregador,Ativo,Nao,Sim,,Sim,"WMS: https://allencoralatlas.org/geoserver/ows?service=wms&version=2.0.0&request=GetCapabilities
WFS: https://allencoralatlas.org/geoserver/ows?service=wfs&version=2.0.0&request=GetCapabilities
API: https://allencoralatlas.org/mapping/maps","Portal de Dados, Analítico, Ferramenta, Modelos","Portal Web, Visualização iterativa, WFS, WMS, API","O Allen Coral Atlas utiliza imagens de satélite de alta resolução e análises avançadas, em parceria com instituições globais, para mapear e monitorar recifes de corais com detalhamento sem precedentes.",Biológica,"Branqueamento de Corais, Turbidez, Mapeamento Bentônico, Mapeamento Geomorfológico, Extensao do Recife, Imagens de Satélite",Paul Allen Foundation,Global,,USA,https://allencoralatlas.org/,,,,
ANA,Agência Nacional de Águas,Provedor,Ativo,Nao,Sim,,Sim,API disponível com os dados de cada estação,"Repositório, Portal de Dados","Portal Web, API",Rede Hidrometeorológica (relevante para estuários e zonas costeiras),Geológica,"Dados hidrológicos, vazão, nível de rios, precipitação, qualidade da água",ANA,Nacional,,Brasil,https://www.snirh.gov.br/hidroweb/apresentacao,,,,
Animal Telemetry Network,Animal Telemetry Network,Agregador,Ativo,Quasi-operacional,Parcialmente,11 camadas de dados disponíveis para download; outros materiais apenas visualização,Indefinido,,"Ferramenta, Portal de Dados, Repositório","Portal Web, Visualização iterativa, THREDDS, OPeNDAP","O Telemetry Asset Inventory envolveu mais de 600 pesquisadores (investigadores principais em telemetria via satélite e acústica), que foram convidados pelo ATN a compartilhar informações sobre seus projetos por meio de questionários do Google.",Biológica,Movimento animal,Animal Telemetry Network,Global,,USA,Animal Telemetry Network,Armazenado pelo IOOS mas mantido pela Axiom Analytics,,,
AODN,Australian Ocean Data Network Portal,Agregador,Ativo,Sim,Sim,"Alguns conjuntos requerem registro, mas a maioria é aberta.",Indefinido,"Ana: Notícias no site revelam que existe um API, mas nao localizei documentacao","Repositório, Portal de Dados","Portal Web, API, Visualização iterativa","Portal nacional que fornece acesso a dados de ciências marinhas e climáticas da Austrália, sendo o ponto principal de acesso aos dados e metadados do IMOS (Integrated Marine Observing System).","Física, Geológica, Química, Biológica","Temperatura, Salinidade, Correntes, marés, ondas, nutrientes, oxigênio, clorofila, carbono, plâncton, dados meteorológicos oceânicos e metadados de sensores.",AODN,Global,,Austrália,https://portal.aodn.org.au/,,,info@aodn.org.au,
AquaDocs,AquaDocs,Agregador,Ativo,Nao,Sim,,Não,,"Repositório, Portal de Dados",Portal Web,"O AquaDocs é um repositório de acesso aberto do IODE/UNESCO e da IAMSLIC, com suporte da FAO, que reúne informações sobre ambientes marinhos, costeiros, estuarinos e de água doce, abrangendo ciência, tecnologia, gestão, conservação e aspectos socioeconômicos e legais desses ecossistemas e seus recursos.",Física,Multi-temáticos,IODE,Global,,Internacional,https://aquadocs.org/home?tl.page=1,,,,
Argo,Argo floats,Provedor,Ativo,Quasi-operacional,Sim,,Sim,,"Repositório, Portal de Dados","Portal Web, API, Visualização iterativa",O Argo é um programa internacional que coleta informações do interior do oceano por meio de uma frota de instrumentos robóticos que derivam com as Correntes oceânicas.,"Física, Química, Biológica","Temperatura, Salinidade, Pressão, Oxigênio, Retroespalhamento, Clorofila, pH, Nitrato, Irradiância",Argo Steering Team,Global,,Internacional,https://fleetmonitoring.euro-argo.eu/dashboard?Status=Active,,,,
BDCA,Banco de Dados de Caracterização Ambiental,Agregador,Ativo,Nao,Sim,,Não,,"Repositório, Portal de Dados","Portal Web, Visualização iterativa","O Banco de Dados de Caracterização Ambiental é um sistema que permite o armazenamento, consulta, e compartilhamento de dados ambientais","Física, Geológica, Química, Biológica","Qualidade de água, biota planctônica, cobertura do fundo, qualidade do sedimento, biota bentônica, biota bentônica, dados ambientais",IBAMA,Nacional,"Bacia Foz do Amazonas, Bacia Pará-Maranhão, Bacia Barreirinhas, Ceará, Campos e Santos",Brasil,https://bdca.com.br/,,,,
BIG-INPE,Base de Informações Georreferenciadas (BIG) do INPE,Agregador e Provedor,Ativo,Nao,Sim,,Sim,,"Repositório, Portal de Dados","OGC, WMS, WFS, Portal Web, Outros","Como parte do aperfeiçoamento dos produtos e serviços disponibilizados pelo INPE à sociedade, o novo portal https://data.inpe.br faz parte da modernização da infraestrutura de serviços para acesso às imagens de satélites do acervo do instituto. Esse portal foi criado com o intuito de facilitar a pesquisa e obtenção das imagens disponibilizadas gratuitamente. Esse novo serviço tem como base protocolos modernos de compartilhamento de dados, adequados ao uso em ambientes de ciência de dados e computação em nuvem. Essa iniciativa é ancorada dentro do Programa Base de Informações Georreferenciadas (BIG) do INPE.","Física, Biológica",Multi-temáticos,INPE,Nacional,,Brasil,https://data.inpe.br/,,,,
BIO-ORACLE,BIO-ORACLE,Agregador,Ativo,Nao,Sim,,Sim,"dados estão arquivados em NetCDF e disponibilizados via ERDDAP, que é um servidor de dados interoperável com REST API.","Portal de Dados, Analítico, Modelos",Portal Web,"A Bio-ORACLE oferece camadas de dados essenciais físicas, químicas, biológicas e topográficas, com abrangência global e resolução uniforme, para modelagem da distribuição da biodiversidade marinha.",Biológica,"Temperatura, Salinidade, Oxigênio dissolvido, pH, Nitratos, Fosfatos, Silicatos, Clorofila-a, Turbidez, Irradiância, Correntes, Transporte, Ondas, Profundidade, Rugosidade do fundo, Cobertura de sedimentos",BIO-ORACLE,Global,,Internacional,https://www.bio-oracle.org/,,,,
BNDO ,Banco Nacional de Dados Oceanográficos,Agregador,Ativo,Nao,Não,Dados disponiveis mediante requerimento por email,Não,,Repositório,Outros,"Centro depositário nacional gerido pela Diretoria de Hidrografia e Navegação da Marinha do Brasil, para recepção, arquivamento, controle, disseminação de dados oceanográficos nacionais e internacionais.","Física, Biológica","Vento, Pressão barométrica, Temperatura do ar, Tipo de nuvens, Quantidade de nuvens, Ondas, Cor da água, Transparência da água, Visibilidade, Deriva do navio, Tipo de registro, Hora da observação, Número de lançamento, Número de observação, Profundidade, Temperatura, Salinidade, Sigma-t, Velocidade do som, Oxigênio dissolvido, Fosfatos, Fósforo total, Nitritos, Nitratos, Amônia, Silicatos, pH, Alcalinidade",CHM,Nacional,,Brasil,https://www.marinha.mil.br/chm/intercambio-de-dados-marinhos/banco-nacional-de-dados-oceanogr%C3%A1ficos,,,,
BODC,British Oceanographic Data Centre,Agregador e Provedor,Ativo,Sim,Sim,,Sim,,"Repositório, Portal de Dados","Portal Web, API, Visualização iterativa, OPeNDAP, WFS, WMS","Como Centro Nacional de Dados Oceanográficos do Reino Unido (NODC) e centro de dados marinhos do Environmental Data Service (EDS) do Natural Environment Research Council (NERC), os dados do BODC ajudam a responder tanto a questões locais, como a probabilidade de inundações costeiras, quanto a questões globais, como os impactos das mudanças climáticas.","Física, Geológica, Química, Biológica","Acústica, Batimetria e Batimetria, Correntes, transporte, pigmentos, turbidez, irradiância, Nível do mar, Temperatura, Salinidade, nutrientes, carbono, oxigênio, Ondas",NOC,Global,,UK,https://www.bodc.ac.uk/,,,,
CDI,Common Data Index,Agregador e Provedor,Ativo,Nao,Sim,,Não,,"Repositório, Portal de Dados","Portal Web, SOAP, Outros, Visualização iterativa",O serviço Common Data Index (CDI) oferece aos usuários uma visão detalhada sobre a disponibilidade e a distribuição geográfica de conjuntos de dados marinhos gerenciados por centros de dados conectados à infraestrutura Geo-Seas.,"Geológica, Física, Química, Biológica","Pressão atmosférica, Temperatura do ar, Alcalinidade, acidez e pH da coluna de água, amônio, amônia, Umidade atmosférica, Batimetria, Concentrações de carbono em sedimentos, Química de carbonatos no sedimento, Concentrações de clorofluorcarbono, Concentrações de pigmentos de clorofila em sedimentos, Concentrações de pigmentos de clorofila, Concentração de hidrocarbonetos alifáticos no sedimento, Concentração de carboidratos, fenóis, álcoois, éteres, aldeídos e cetonas em sedimentos",GeoSeas,Global,,União Européia,https://www.geo-seas.eu/search,https://www.geo-seas.eu/content/content.asp?menu=0030011_000000,,,CC-BY-4.0
CEADO,Centro Argentino de Datos Oceanográficos,Agregador e Provedor,Ativo,Parciamente,Parcialmente,Dados podem necessitar de registros e aceitacao de termos (diferentes licensas de uso para diferentes grupos),Não,,"Repositório, Portal de Dados","Portal Web, Visualização iterativa","Este serviço é fornecido pelo Centro Argentino de Dados Oceanográficos (CEADO), que mantém bases de dados e arquivos de informações em apoio às operações navais, bem como às atividades de pesquisa e desenvolvimento em ciências do mar.","Física, Química","Vento, Estado do tempo, Pressão barométrica, Temperatura do ar, Nuvens, Ondas, Transparência da água, Visibilidade, Deriva do navio, Tipo de registro, Hora da observação, Temperatura, Salinidade, Sigma-t, Velocidade do som, Oxigênio, Fosfatos, Fósforo total, Nitritos, Nitratos, Amônia, Silicatos, pH, Alcalinidade",NHS,AtlanticoSul,,Argentina,https://www.hidro.gov.ar/ceado/ceado.asp,,,,
CEMADEN,Centro Nacional de Monitoramento e Alertas de Desastres Naturais,Agregador e Provedor,Ativo,Sim,Sim,,Sim,,"Repositório, Portal de Dados","Portal Web, API, Visualização iterativa","Criado em 2011, o Centro Nacional de Monitoramento e Alertas de Desastres Naturais (Cemaden) é um núcleo responsável pela prevenção e gerenciamento da atuação governamental perante eventuais desastres naturais ocorridos em território brasileiro. O Cemaden esta vinculado ao Ministério da Ciência, Tecnologia e Inovação (MCTI).",Geológica,"Dados pluviométricos, hidrológicos",MCTI,Nacional,,Brasil,https://mapainterativo.cemaden.gov.br/#,,,,
CENSIPAM,Centro Gestor e Operacional do Sistema de Proteção Ambiental da Amazônia ,Agregador e Provedor,Ativo,Parciamente,Sim,,Sim,"Acesso API disponível, mediante cadastro e avaliação pelo órgão responsável. Entre os dados, pode-se consultar previsão do tempo e estações meteorológicas de superfície, com informações como Temperatura, umidade, pressão e vento","Repositório, Portal de Dados, Catálogo, Analítico, Ferramenta, Modelos","Portal Web, API, WMS, WFS, Visualização iterativa","Plataforma Panorama é o nome da infraestrutura de dados espaciais mantida pelo CENSIPAM para a integração de dados, informações e produtos geoespaciais gerados nos seus diversos projetos.","Geológica, Física, Química","Meteo-Oceanográfico, Painel do Fogo, Previsões, Multi-temáticos",MD,Nacional,,Brasil,https://panorama.sipam.gov.br/api/meteorologia/v1,,,,
CMIP Data Aplication,Coupled Model Intercomparison Project,Agregador e Provedor,Ativo,Nao,Parcialmente,Dados podem necessitar de registros e aceitacao de termos (diferentes licensas de uso para diferentes grupos),Sim,API RESTful disponível via ESGF para busca programática e integração com scripts,"Repositório, Portal de Dados","Portal Web, Outros, API","CMIP – O Coupled Model Intercomparison Project (CMIP) é um projeto do World Climate Research Programme (WCRP) que fornece projeções climáticas globais para entender mudanças climáticas passadas, presentes e futuras. Os dados do CMIP são essenciais para relatórios do IPCC e outras avaliações climáticas nacionais e internacionais, abrangendo variáveis atmosféricas, oceânicas e terrestres.","Física, Química, Biológica","Temperatura, Salinidade, Correntes, variáveis atmosféricas",WCRP,Global,,Internacional,https://aims2.llnl.gov/search,,,,Diferentes licensas dependendo do grupo
CNUC,Cadastro Nacional de Unidades de Conservação,Provedor,Ativo,Sim,Sim,,Não,,"Repositório, Portal de Dados","Portal Web, Visualização iterativa","O Cadastro Nacional de Unidades de Conservação - CNUC é a plataforma oficial de dados das Unidades de Conservação que fazem parte do Sistema Nacional de Unidades de Conservação da Natureza – SNUC, geridas pelos três níveis de governo e por particulares.",Biológica,Unidades de Conservação,ICMBio ,Nacional,,Brasil,https://cnuc.mma.gov.br/,,,,
Copernicus ,Copernicus Marine Service,Agregador e Provedor,Ativo,Sim,Sim,,Sim,,"Repositório, Portal de Dados","Portal Web, API, Visualização iterativa, OPeNDAP, WMS, WFS, ERDDAP","O Copernicus é o componente de observação da Terra do programa espacial da União Européia, dedicado a monitorar o planeta e seu ambiente em benefício dos cidadãos europeus. Ele oferece serviços de informação baseados em dados de satélites e medições em terra, ar e mar. Gerido pela Comissão Europeia e implementado em parceria com Estados-Membros, ESA, EUMETSAT, ECMWF, agências da UE e outras instituições, o programa disponibiliza gratuitamente dados abertos que apoiam autoridades, cientistas e organizações na melhoria da qualidade de vida e na gestão ambiental.","Física, Geológica, Química, Biológica","Temperatura, Salinidade, Correntes, nível do mar, Ondas, Gelo marinho, Clorofila, Oxigênio, Nutrientes, Carbono inorgânico dissolvido, alcalinidade e pH, Matéria orgânica dissolvida e particulada, Produtividade primária, Acidificação oceânica, Reflectância, turbidez e cor do oceano, Matéria em suspensão, Fluxos de calor,  Fluxos de CO₂, Vento",Copernicus,Global,,Europa,https://marine.copernicus.eu,,,,
Coriolis ,Coriolis,Agregador,Ativo,Sim,Sim,,Sim,,"Repositório, Portal de Dados","Portal Web, API, Visualização iterativa, THREDDS, OPeNDAP, WFS, WMS","O Coriolis é parte do programa francês de oceanografia operacional, responsável por coordenar e manter observações in situ do oceano. Criado em 2001, reúne instituições como CNES, CNRS, Ifremer, IRD, IPEV, Météo-France e Shom para coletar dados em tempo real e modo diferido, operar um centro nacional de dados e desenvolver tecnologias de monitoramento contínuo. Os dados obtidos permitem mapear propriedades da água, como Temperatura e circulação oceânica, apoiando previsões climáticas, meteorológicas e serviços marinhos.",Física,"Temperatura, Salinidade, Oxigênio, Clorofila ","CNES, CNRS, Ifremer, IRD, IPEV, Météo-France, Shom",Global,,Europa,https://www.coriolis.eu.org/Data-Products/Data-selection,,,,
Data.Europa,Base de Dados da Uniao Europeia,Agregador,Ativo,Nao,Sim,,Sim,,"Repositório, Portal de Dados, Catálogo","Portal Web, API","O portal é um ponto central de acesso a dados abertos europeus provenientes de portais internacionais, da União Européia, nacionais, regionais, locais e geoespaciais. Ele consolida o antigo Portal de Dados Abertos da UE e o Portal Europeu de Dados. O portal tem como objetivos: fornecer acesso e incentivar a reutilização de dados abertos europeus por cidadãos, empresas e organizações; promover e apoiar a disponibilização de metadados e dados de melhor qualidade pelas instituições, agências e outros órgãos da UE, bem como pelos países europeus, aumentando a transparência das administrações europeias; e educar cidadãos e organizações sobre as oportunidades que surgem com a disponibilidade de dados abertos.","Física, Geológica, Química, Biológica",Multi-temáticos,EU,Global,,União Européia,https://data.europa.eu/en,,DCAT-AP,,CC-BY-4.0
DCDB,IHO Data Centre for Digital Bathymetry,Agregador e Provedor,Ativo,Nao,Sim,,Não,,"Repositório, Portal de Dados","Portal Web, Visualização iterativa, WMS, WFS","O Centro de Dados para Batimetria Digital (DCDB) da International Hydrographic Organization (IHO) foi criado em 1990 para gerir a coleta global de dados batimétricos. O centro arquiva e compartilha livremente dados de profundidade, fornecidos por marinheiros e outros atores, seguindo as diretrizes da IHO. O IHO DCDB é hospedado pela NOAA dos EUA em nome dos Estados Membros da IHO.",Geológica,Batimetria,IHO,Global,,Internacional,https://www.ncei.noaa.gov/maps/iho_dcdb/,,,,
Dryad,Dryad,Agregador,Ativo,Nao,Sim,,Não,,"Repositório, Portal de Dados","Portal Web, Visualização iterativa",O Dryad é uma plataforma de publicação de dados abertos e uma comunidade dedicada à disponibilização aberta e ao reuso sistemático de todos os dados de pesquisa.,"Física, Geológica, Química, Biológica",Multi-temáticos,Dryad,Global,,Internacional,https://datadryad.org/,,,,
EBSA,Ecologically or Biologically Significant Marine Areas,Agregador,Ativo,Nao,Sim,,Não,,"Ferramenta, Analítico","Portal Web, Visualização iterativa","O site do EBSA está dividido em duas seções: (i) o repositório EBSA e (ii) o mecanismo de compartilhamento de informações do EBSA. Conforme decidido pela Conferência das Partes (COP) da CDB na decisão 16/16, cada seção tem propósitos distintos e contém tipos diferentes de informações. O repositório EBSA inclui: descrições de áreas que atendem aos critérios EBSA, consideradas pela COP e solicitadas para inclusão pelo Secretário Executivo, e um arquivo de versões anteriores de descrições EBSA modificadas.",Biológica,Áreas Marinhas Ecologicamente ou Biologicamente Significativas,CBD,Global,,Internacional,EBSA - Ecologically or Biologically Significant Marine Areas | nuxt-app,,,,
EMODNet Data,European Marine Observation and Data Network,Agregador e Provedor,Ativo,Parciamente,Parcialmente,Dados podem necessitar de registros e aceitacao de termos (diferentes licensas de uso para diferentes grupos),Sim,,"Portal de Dados, Repositório","Portal Web, API, WFS, WMS, Visualização iterativa, OGC","EMODnet integra dados marinhos de múltiplas fontes europeias, processando e padronizando informações para uso científico, industrial e governamental. Oferece camadas interoperáveis e visualizações de dados oceanográficos, geológicos, químicos, biológicos e de atividades humanas.","Geológica, Física, Química, Biológica, Social",Multi-temáticos,EU,Global,,União Européia,https://emodnet.ec.europa.eu/en,,,helpdesk@emodnet.ec.europa.eu,"Uso aberto, verificar licensas"
ESTATPESCA,Estatistica da Produção Pesqueira,Agregador,Extinto,Nao,Parcialmente,,Não,,"Repositório, Portal de Dados",Portal Web,Estatísticas da produção pesqueira marinha.,Biológica,Estatísticas da Pesca,IBAMA,Nacional,,Brasil,"Link para relatorios, precisa achar link de dados: https://www.gov.br/ibama/pt-br/assuntos/biodiversidade/biodiversidade-aquatica/gestao-da-biodiversidade-aquatica/estatistica-pesqueira",,,,
FAO Global Record,"Global Record of Fishing Vessels, Refrigerated Transport Vessels and Supply Vessels",Agregador,Ativo,Nao,Parcialmente,Dados podem necessitar de registros e aceitacao de termos (diferentes licensas de uso para diferentes grupos),Indefinido,Tem mencao de API mas nao achei detalhes,"Repositório, Portal de Dados",Portal Web,"O Global Record é uma iniciativa global que disponibiliza dados certificados sobre embarcações de pesca e atividades relacionadas, com o objetivo de combater a pesca ilegal (IUU) e aumentar a transparência e rastreabilidade. A longo prazo, busca fortalecer a gestão pesqueira, a sustentabilidade do setor e a segurança alimentar de comunidades dependentes da pesca.",Biológica,Dados de embarcações de pesca e atividades relacionadas,FAO,Global,,Internacional,https://www.fao.org/global-record/information-system/en/,,,,
"FAO: Atlas of Tuna and Billfish Catches, Global Tuna Catches by Stock","FAO: Atlas of Tuna and Billfish Catches , Global Tuna Catches by Stock",Agregador,Ativo,Nao,Parcialmente,,Não,,"Repositório, Portal de Dados","Portal Web, Visualização iterativa","O Atlas, elaborado por Fabio Carocci e Jacek Majkowski (FAO), compila dados de captura de atuns e agulhões fornecidos por organizações internacionais de manejo pesqueiro (AFMA, CCSBT, IOTC, ICCAT, IATTC, SPC e WCPFC), com resolução geográfica de 5° x 5° ou superior, fruto de colaboração entre diversas instituições e cientistas",Biológica,Estatísticas de captura de atuns e espécies semelhantes a atuns,FAO,Global,,Internacional,"http://www.fao.org/fishery/topic/16054/en
 https://www.fao.org/fishery/en/collection/tuna_nomcatch
 https://www.fao.org/fishery/en/knowledgebase/102",,,,
Fishbase,Fishbase,Agregador,Ativo,Nao,Sim,,Em desenvolvimento,,Catálogo,"Portal Web, API, Visualização iterativa","O FishBase é um sistema global de informações sobre peixes ósseos. Inicialmente voltado a fornecer dados sobre dinâmica populacional de 200 espécies comerciais principais, o FishBase hoje reúne informações sobre todas as espécies conhecidas no mundo, incluindo taxonomia, biologia, ecologia trófica, história de vida, usos e dados históricos de até 250 anos.",Biológica,Dados biológicos de espécies de peixes,Q-quatics,Global,,Internacional,FishBase - A Global Information System on Fishes,,,,
FishMIP,Fisheries and Marine Ecosystem Model Intercomparison Project,Agregador,Ativo,Nao,Sim,,Não,,"Repositório, Modelos, Analítico","Portal Web, Visualização iterativa","O FishMIP é uma rede global de mais de 100 modeladores de ecossistemas marinhos e pesquisadores. Seu objetivo é integrar diferentes modelos de ecossistemas marinhos para compreender e projetar os impactos de longo prazo das mudanças climáticas sobre a pesca e os ecossistemas marinhos, usando os resultados para subsidiar políticas públicas.",Biológica,"Peixes e Pesca, Suprimento de Frutos do Mar, Biodiversidade Marinha, Funcionamento do Ecossistema Marinho",FishMIP,Global,,Internacional,Home | FishMIP,,,,
GBIF-Brasil,lobal Biodiversity Information Facility Brazilian Node,Agregador,Ativo,Nao,Sim,,Sim,,"Repositório, Portal de Dados","Portal Web, API, Visualização iterativa, WFS",Rede internacional que fornece acesso aberto a informações sobre todos os tipos de vida na Terra.,Biológica,Biodiversidade,GBIF,Global,,Brasil,https://www.gbif.org/country/BR/summary,,,,
GEBCO,General Bathymetric Chart of the Oceans,Agregador,Ativo,Nao,Sim,,Sim,,"Repositório, Portal de Dados","Portal Web, Visualização iterativa, WFS, WMS","O GEBCO produz e disponibiliza diversos conjuntos de dados e produtos batimétricos, incluindo uma grade batimétrica global, um gazetteer de nomes de feições submarinas, um serviço de mapas web (WMS) e mapas impressos da batimetria oceânica.",Geológica,Batimetria,"IOC UNESCO, WMO",Global,,Internacional,https://betadownload.gebco.net/,,,,
GeoSB,Geoportal do Servico Geologico Brasileiro,Agregador e Provedor,Ativo,Nao,Sim,,Não,"Área de downloads de forma manual, com interface similar a um FTP","Repositório, Portal de Dados","Portal Web, Outros","O GeoSGB (antigo Geobank) do Serviço Geológico do Brasil disponibiliza bases geocientíficas, geológicas, geofísicas e geoespaciais para o Brasil, com downloads em vários formatos e visualização de mapas interativos. ",Geológica,"Mapas geológicos, dados aerogeofísicos, shapefiles de unidades litológicas",SGB,Nacional,,Brasil,https://geosgb.sgb.gov.br/home.html,,,,
GEOTRACES,An International Study of the Marine Biogeochemical Cycles of Trace Elements and Their Isotopes,Agregador e Provedor,Ativo,Nao,Sim,,Indefinido,,"Repositório, Portal de Dados","Portal Web, Outros",GEOTRACES é um programa internacional para estudar os ciclos biogeoquímicos globais de elementos-traço e seus isótopos no oceano. Os dados são gerenciados pelo GDAC e disponibilizados para a comunidade científica. ,"Química, Biológica","Dados de cruzeiros oceânicos, parâmetros como Fe, Zn, Cd, δ13C etc.","GEOTRACES-GDAC, BODC",Global,,Internacional,https://www.geotraces.org/data/,,,,
GEWEX,Global Energy and Water Exchanges,Agregador,Ativo,Nao,Sim,,Não,,"Repositório, Portal de Dados","Portal Web, Visualização iterativa, OPeNDAP","O Programa GEWEX (Global Energy and Water Exchanges) é uma rede internacional de cientistas que coleta informações sobre os ciclos globais de água e energia por meio de pesquisas, observações e atividades científicas, com o objetivo de aprimorar a previsão das mudanças climáticas globais.","Física, Geológica, Química, Biológica",NA ,George Mason University,Global,,USA,https://www.gewex.org/resources/data-sets/,,,,
Global Fishing Watch,Global Fishing Watch,Agregador,Ativo,Quasi-operacional,Parcialmente,,Sim,,"Repositório, Portal de Dados","Portal Web, API, Visualização iterativa",Monitoramento global da atividade pesqueira através de dados de satélite e AIS.,Biológica,"Rastreamento de navios de pesca, rotas, intensidade de atividade",Global Fishing Watch,Global,,Internacional,https://globalfishingwatch.org,,,,
Global Reef Tracker,Global Reef Tracker,Agregador e Provedor,Ativo,Parciamente,Parcialmente,Dados podem necessitar de registros e aceitacao de termos (diferentes licensas de uso para diferentes grupos),Indefinido,,"Repositório, Portal de Dados","Portal Web, Visualização iterativa","O Global Reef Tracker permite a visualização e consulta de dados de recifes de coral monitorados globalmente pela Reef Check Foundation, integrando levantamentos de voluntários, sensores, satélite e imagens.",Biológica,"Levantamentos de saúde de recifes, séries temporais de condições, imagens de monitoramento ",Reef Check Foundation,Global,,Internacional,https://www.reefcheck.org/global-reef-tracker/,,,,
GLODAP,Global Ocean Data Analysis Project v2,Agregador e Provedor,Ativo,Nao,Sim,,Não,,"Repositório, Portal de Dados",Portal Web,"GLODAP é um produto de síntese mundial de dados biogeoquímicos (surface‑to‑bottom) de amostras de água do oceano, com mais de 1,4 milhões de amostras de 1108 cruzeiros até 2021. ","Química, Física","Salinidade, oxigênio dissolvido, nutrientes, DIC, alcalinidade, pH, traçadores CFC",GLODAP,Global,,Internacional,https://glodap.info/,,,,
GO-BGC,Global Ocean Biogeochemistry Array,Provedor,Ativo,Quasi-operacional,Parcialmente,,Não,,"Repositório, Portal de Dados","Portal Web, Visualização iterativa, OPeNDAP",Programa internacional de coleta de dados de bioquímica oceânica em tempo quase real.,"Física, Geológica, Química, Biológica","Repositório/Portal de Dados, Modelos",Consortium,Global,,Internacional,https://www.go-bgc.org,,,,
GO-SHIP,The Global Ocean Ship-based Hydrographic Investigations Program,Agregador,Ativo,Nao,NA,Catalogo,Não,,Catálogo,Portal Web,"Fornece resolução aproximadamente decadal das variações nos estoques de calor, água doce, carbono, oxigênio, nutrientes e traçadores transitórios, cobrindo as bacias oceânicas de costa a costa e em toda a coluna d’água (da superfície ao fundo), com medições globais da mais alta precisão necessárias para detectar essas mudanças. Os principais objetivos científicos do GO-SHIP são: (1) compreender e documentar as distribuições de propriedades da água em larga escala, suas variações e os fatores que as determinam; e (2) responder a questões sobre como o oceano do futuro aumentará o carbono inorgânico dissolvido, tornar-se-á mais acidificado e estratificado, e sofrerá mudanças na circulação e ventilação devido ao aquecimento global e às alterações no ciclo hidrológico.","Geológica, Física, Biológica, Química","CTD, Carbono, ADCP, Meteo-Oceanográfico,","Ifremer, FSU, UH, UCSD, NOAA",Global,,Internacional,http://www.go-ship.org/DatReq.html,"CLIVAR and Carbon Hydrographic Data Office (CCHDO)
Principal Contact:  Karen Stocks, Director
Email: kstocks@ucsd.edu
Web-site: http://cchdo.ucsd.edu/

Carbon Data
Ocean Carbon Data System (OCADS, former CDIAC)
Principal Contact: Alex Kozyr
Email: alex.kozyr@noaa.gov
Web-site: https://www.nodc.noaa.gov/ocads/

S-ADCP Data e L-ADCP Data
Hawaii Joint Archive for Shipboard ADCP e Currents group at the University of Hawaii
Principal Contact: Patrick Caldwell e Eric Firing
Email: Patrick.Caldwell@noaa.gov e efiring@hawaii.edu
Data: https://currents.soest.hawaii.edu/home/

Surface Meteorological Data
Surface Marine Meteorological Data Assembly Center, COAPS, FSU
Principal Contact: Shawn R. Smith
Email: smith@coaps.fsu.edu
Web-site: http://www.coaps.fsu.edu/RVSMDC/CLIVAR/
Data: http://www.coaps.fsu.edu/RVSMDC/html/data.shtml

Underway Data
The Global Ocean Surface Underway Data Project (GOSUD)
Principal Contact: Ludovic Drouineau
Email: ludovic.drouineau@Ifremer.fr
Web-site: http://www.gosud.org/",,,
GOA-ON,Global Ocean Acidification Observing Network,Agregador,Ativo,Nao,NA,Catalogo,Não,,Catálogo,Portal Web,"O GOA-ON Data Explorer oferece acesso e visualização de dados sobre acidificação dos oceanos e produtos de síntese de dados coletados em todo o mundo, provenientes de diversas fontes — incluindo boias fundeadas, cruzeiros de pesquisa e estações fixas de séries temporais.","Física, Química","Concentração de CO2 , alcalinidade, DIC, pH, clorofila, nitrato, Oxigênio, pressão, Salinidade, Temperatura",GOA-ON,Global,,Internacional,https://www.goa-on.org/,,,,
Google Earth Data Catalog,Google Earth Data Catalog,Agregador,Ativo,Sim,Sim,,Sim,,"Repositório, Portal de Dados","Portal Web, Visualização iterativa, API, Outros","O catálogo público de dados do Earth Engine inclui uma ampla variedade de conjuntos de dados raster padrão utilizados nas ciências da Terra. É possível importar esses conjuntos de dados para o ambiente de script com um único clique, além de enviar seus próprios dados raster ou vetoriais para uso privado ou compartilhamento em seus scripts.","Física, Geológica, Química, Biológica","Radar, umidade do solo, NDVI, Temperatura, precipitação, vento, evapotranspiração, cobertura do solo, etc.",Google,Global,,USA,https://developers.google.com/earth-engine/datasets/catalog,,,,
GOOS Brasil,Global Ocean Observing System Brasil Node,Agregador,Ativo,Nao,Sim,,Não,,Catálogo,Portal Web,"Nó brasileiro do GOOS; reúne links para diversos datasets globais, sem base própria.","Física, Geológica, Química, Biológica",NA (Catálogo),DHN,Global,,Brasil,http://www.goosbrasil.org/,,,,
GTMA,Global Tropical Moored Array,Provedor,Ativo,Sim,Parcialmente,Necessita registro,Não,,"Repositório, Portal de Dados, Analítico","Portal Web, Visualização iterativa","O Programa Global de Boias Ancoradas em Regiões Tropicais (Global Tropical Moored Buoy Array Program) é um esforço internacional voltado para o fornecimento de dados em tempo real, com o objetivo de apoiar pesquisas e previsões climáticas. Seus principais componentes incluem o TAO/TRITON, no Oceano Pacífico, o PIRATA, no Atlântico, e o RAMA, no Oceano Índico.",Física,"Radiação de onda curta, Radiação de onda longa, Chuva, Vento, Umidade relativa do ar, Temperatura do ar, Pressão ao nível do mar, Temperatura, Salinidade, Densidade, Fluxo de calor, Altura dinâmica, Profundidade da isoterma de 20 °C, Corrente",NOAA,Global,,USA,https://www.pmel.noaa.gov/gtmba/,,,,
Harvard DATAVERSE,Harvard Dataverse,Agregador,Ativo,Nao,Sim,,Sim,,"Repositório, Portal de Dados","Portal Web, Visualização iterativa, API, Outros","O Harvard Dataverse Repository é o repositório permanente de compartilhamento de dados da Universidade de Harvard, gerido institucionalmente e aberto a pesquisadores de todas as áreas do conhecimento, tanto dentro quanto fora da comunidade de Harvard. Nele, é possível compartilhar, arquivar, citar, acessar e explorar dados de pesquisa.","Física, Geológica, Química, Biológica",Multi-temáticos,Harvard,Global,,USA,https://dataverse.harvard.edu/,,,,
IBGE Geociencias,IBGE Geociencias,Agregador,Ativo,Nao,NA,Catalogo,Não,,Catálogo,Outros,Varias bases de dados do IBGE com links,"Física, Geológica, Química, Biológica",Multi-temáticos,IBGE,Nacional,,Brasil,https://www.ibge.gov.br/geociencias/todos-os-produtos-geociencias.html,,,,
ICES Marine Data,ICES Marine Data,Agregador,Ativo,Nao,Parcialmente,,Não,,"Repositório, Portal de Dados","Portal Web, WFS, WMS, Outros",Dados oceanográficos e marinhos coletados e padronizados pelo ICES (International Council for the Exploration of the Sea).,"Física, Biológica","Meteo-Oceanográfico, Biodiversidade, Abundância da ictiofauna, distribuição de ictiofauna, abundancia de ictioplâncton, distribuicao de ictioplâncton, composição de ictiofauna, composicao de ictioplâncton",ICES,Global,,União Européia,http://ices.dk/data/Pages/default.aspx,,,,
ICOADS,International Comprehensive Ocean-Atmospheric Data Set,Agregador,Ativo,Nao,Sim,,Sim,,"Repositório, Portal de Dados","Portal Web, API","Conjunto internacional de dados de observações oceano-atmosféricas, com séries históricas extensas.",Física,"Temperatura, pressão, vento, umidade",NOAA,Global,,USA,https://icoads.noaa.gov,,,,
IDEM,Infraestrutura de Dados Espaciais Marinhos,Agregador,Ativo,Nao,NA,Catalogo,Não,,Catálogo,"Portal Web, Visualização iterativa","A Infraestrutura de Dados Espaciais Marinhos da Diretoria de Hidrografia e Navegação – IDEM-DHN é um conjunto integrado de tecnologias; políticas; mecanismos e procedimentos de coordenação e monitoramento; padrões e acordos, necessário para facilitar e ordenar a geração, o armazenamento, o acesso, o compartilhamento, a disseminação e o uso dos dados geoespaciais de origem federal, estadual, distrital e municipal.","Física, Geológica","Multi-temáticos (LEPLAC, PNBOIA, Modelos, SAR, Batimétricos, Geológicos, Hidrográficos). ",DHN,Nacional,,Brasil,https://idem.dhn.mar.mil.br/,,,,
IGMETS,International Group for Marine Ecological Time Series (,Agregador,Ativo,Nao,Parcialmente,Dados podem necessitar de registros e aceitacao de termos (diferentes licensas de uso para diferentes grupos),Não,,"Repositório, Portal de Dados","Portal Web, Visualização iterativa","Rede internacional de séries temporais ecológicas marinhas, com dados de longo prazo sobre ecossistemas marinhos.","Física, Biológica","Temperatura, Salinidade, oxigênio, nutrientes, clorofila, zooplâncton",IGMETS,Global,,Internacional,https://igmets.net,,,,
INDE,Infraestrutura Nacional de Dados Espaciais,Agregador,Ativo,Nao,Sim,,Parcialmente,Acesso a APIs tipo OCG,"Repositório, Portal de Dados","Portal Web, WFS, WMS, Outros, OGC","Catalogar, integrar e harmonizar dados geoespaciais de instituições governamentais para fácil acesso e exploração.","Física, Biológica",Meteo-Oceanográfico,"IBGE, MPOG CONGEO",Nacional,,Brasil,https://inde.gov.br/,,,,
INMET,Base de Dados do Instituto Nacional de Metereologia,Agregador e Provedor,Ativo,Quasi-operacional,Sim,,Não,,"Repositório, Portal de Dados","Portal Web, Outros",Reúne séries históricas e dados em tempo real de observações meteorológicas do Brasil; usado para estudos climáticos e previsão do tempo.,Física,"Temperatura, precipitação, umidade, pressão, vento, radiação solar, ponto de orvalho",MAP,Nacional,,Brasil,https://bdmep.inmet.gov.br/,,,,
IOC Sea Level (GLOSS),Intergovernmental Oceanographic Commission (IOC) (2025): Sea level station monitoring facility,Agregador,Ativo,Sim,Sim,,Sim,,"Repositório, Portal de Dados","Portal Web, API",Fornece informações sobre o status operacional de redes globais e regionais de estações de nível do mar em tempo real.,Física,Nível do Mar,"IOC UNESCO, WMO",Global,,Internacional,https://www.ioc-sealevelmonitoring.org/index.php,,,,
IODE,UNESCO International Oceanographic Data and Information Exchange (IODE),Agregador,Ativo,Nao,Parcialmente,Alguns conjuntos de dados individuais podem ter restricoes,Parcialmente,Repositorios individuais devem ser acessiveis,"Repositório, Portal de Dados, Catálogo",Portal Web,Programa internacional da UNESCO para troca e gestão de dados e informações oceanográficas.,Física,"Temperatura, Salinidade, Correntes",UNESCO,Global,,Internacional,,,,,
ISA,International Seabed Authority DeepData Database,Agregador,Ativo,Nao,Parcialmente,,Não,,"Repositório, Portal de Dados",Portal Web,Banco de dados da Autoridade Internacional dos Fundos Marinhos com informações sobre exploração do leito oceânico e regulamentação.,"Física, Geológica","Perfis geológicos, minérios, dados de exploração",ISA,Global,,Internacional,https://www.isa.org.jm/deepdata,,,,
J-DOSS,Japan Oceanographic Data Center Online Service System,Agregador e Provedor,Ativo,Nao,Sim,,Não,,"Repositório, Portal de Dados, Catálogo",Portal Web,Arquiva dados oceanográficos obtidos por institutos no Japão e internacionalmente; permite pesquisa e download via internet.,Física,Meteo-Oceanográfico,JDOC,Global,,Japao,https://www.jodc.go.jp/jodcweb/JDOSS/index.html,,,,
Land+Ocean Data,Land+Ocean Data,Agregador,Ativo,Nao,Sim,,Não,,"Repositório, Portal de Dados",Portal Web,Conjunto de dados globais de Temperatura terrestre e oceânica compilado pelo Berkeley Earth.,"Física, Geológica",Temperatura terrestre e oceânica histórica,Berkeley Earth,Global,,USA,http://berkeleyearth.org/archive/land-and-ocean-data/,,,,
Mangrove Watch,Mangrove Watch,Agregador,Ativo,Nao,Sim,,Não,,"Repositório, Portal de Dados, Ferramenta, Modelos, Analítico",Portal Web,"O Global Mangrove Watch (GMW) é uma plataforma online e um projeto colaborativo internacional que fornece dados e ferramentas para monitorar o estado dos manguezais em todo o mundo. Ele utiliza imagens de satélite de sensoriamento remoto para mapear a extensão e as mudanças nos manguezais e disponibiliza essa informação publicamente para auxiliar em projetos de conservação e restauração, adaptação às mudanças climáticas e formulação de políticas. O GMW fornece dados sobre a perda e o ganho de manguezais, além de estimativas de biomassa, altura do dossel e estoque de carbono. ",Biológica,"Extensão do Habitat de Mangue, Variação Líquida do Mangue, Alteração do Habitat de Mangue, Alertas de Mangue, Localização de Espécies por País, Distribuição de Espécies de Mangue, Espécies de Mangue por Status na Lista Vermelha",UNEP,Global,,Internacional,https://www.globalmangrovewatch.org/,,,,
MapBiomas,MapBiomas,Agregador,Ativo,Nao,Sim,,Sim,,"Portal de Dados, Catálogo, Analítico, Ferramenta","Portal Web, Visualização iterativa","O MapBiomas é uma rede global e multi-institucional, formada por universidades, ONGs e empresas de tecnologia, que monitora as transformações na cobertura e no uso da terra nos territórios e seus impactos. Em 2025, a rede completou dez anos, fornecendo a mais atualizada e detalhada base de dados espaciais de uso da terra em um país disponível no mundo. Nascido no Brasil, o MapBiomas está atualmente presente em 14 países – toda a América do Sul e Indonésia.",Biológica,"Cobertura do solo, uso da terra, biomas, vegetação",MapBiomas,Nacional,,Brasil,https://brasil.mapbiomas.org/o-projeto/,,,,
Marem,Mapeamento Ambiental para Resposta à Emergência no Mar,Agregador,Ativo,Nao,Sim,,Não,,"Portal de Dados, Catálogo",Portal Web,Banco de dados georreferenciado da costa brasileira para resposta à emergência no mar (ex: derramamento de óleo) e mapeamento ambiental costeiro. ,"Biológica, Geológica","Extensão do habitat de mangue, variação de habitat, alertas de mangue, localização e status de espécies, distribuição costeira de fauna vulnerável. ",IBAMA,Nacional,,Brasil,http://www.marem-br.com.br/,,,,
Marine Geoscience Data System,Marine Geoscience Data System,Agregador,Ativo,Nao,Sim,,Não,,"Repositório, Portal de Dados",Portal Web,"Banco de dados para arquivamento e distribuição de dados de geociências marinhas, incluindo batimetria, sismologia e magnetismo.",Geológica,"Batimetria, sísmica, geofísica marinha",MGDS,Global,,Internacional,https://www.marine-geo.org/index.php,,,,
MICO,Migratory Connectivity in the Ocean,Agregador,Ativo,Nao,Parcialmente,,Não,,"Repositório, Portal de Dados",Portal Web,"Banco de dados sobre conectividade migratória de espécies oceânicas, integrando dados de rastreamento e observações.",Biológica,Movimentos de espécies migratórias marinhas,MICO,Global,,Internacional,https://mico.eco/system,,,,
MitoFish,MitoFish,Agregador,Ativo,Nao,Parcialmente,,Não,,"Repositório, Portal de Dados",Portal Web,"Base de dados de mitocôndrias de peixes para fins de pesquisa em genética, biodiversidade e taxonomia.",Biológica,Sequências de DNA de peixes,AORI,Global,,Japao,http://mitofish.aori.u-tokyo.ac.jp,,,,
MOVAR,onitoramento da Variabilidade Regional do Transporte de Calor na Camada Superficial do Oceano Atlântico Sul entre o Rio de Janeiro e a Ilha de Trindade,Agregador e Provedor,Ativo,Nao,Sim,,Não,"Apenas download manual disponível, após definições de equipamento e período de tempo, que levam a outra interface, inviabilizando a integração de forma automatizada","Repositório, Portal de Dados",Portal Web,"Transecto XBT AX97 apoia o projeto MOVAR, estudando flutuações do transporte baroclínico e sua relação com a região frontal Brasil–Malvinas.",Física,"Temperatura, Salinidade, Densidade","FURG, UFBa, GOOS, CHM, SeCIRM, CNPq e NOAA.",Nacional,,Internacional,https://www.aoml.noaa.gov/phod/hdenxbt/ax_home.php?ax=97,,,,
MPAtlas,Marine Protection Atlas,Agregador,Ativo,Nao,NA,,Não,,Catálogo,"Portal Web, Visualização iterativa","Atlas interativo de zonas de proteção marinha, oferecendo informações espaciais sobre áreas protegidas.",Biológica,Zonas de proteção marinha,MCI,Global,,USA,https://mpatlas.org/zones/,,,,
NASA SeaBASS,SeaWiFS Bio-optical Archive and Storage System,Agregador,Ativo,Nao,Sim,Alguns conjuntos de dados individuais podem ter restricoes,Não,,"Repositório, Portal de Dados",Portal Web,"Repositório público de dados in situ mantido pelo OBPG da NASA, com dados oceanográficos e atmosféricos bio-ópticos.","Física, Biológica",Meteo-Oceanográfico,NASA,Global,,USA,https://seabass.gsfc.nasa.gov/,,,,
NCBC,NOAA National Data Buoy Center,Agregador e Provedor,Ativo,Quasi-operacional,Sim,,Sim,,"Repositório, Portal de Dados","Portal Web, Outros","O NDBC opera e mantém uma rede global de boias e plataformas fixas que coletam dados meteorológicos e oceanográficos em tempo real. Esses dados são usados para previsão do tempo, monitoramento de eventos extremos e pesquisas climáticas e oceanográficas.",Física,"Temperatura, Temperatura do ar, pressão atmosférica, vento, ondas, umidade, radiação solar",NOAA,Global,,USA,https://www.ndbc.noaa.gov,,,,
NCBI,National Center for Biotechnology Information,Agregador,Ativo,Nao,Sim,,Sim,,"Repositório, Portal de Dados","Portal Web, API, Visualização iterativa, Outros","Centro nacional de dados de biotecnologia do NIH que fornece acesso a bases de dados genómicos, biomédicos e de sequenciamento.",Biológica,"Sequências de DNA e RNA, bibliografia, genomas",NIH,Global,,USA,https://www.ncbi.nlm.nih.gov/,,,,
NCEI OneStop,National Centers for Environmental Information - NOAA OneStop,Agregador,Ativo,Quasi-operacional,Sim,,Sim,,"Repositório, Portal de Dados","Portal Web, API, Visualização iterativa, Outros","Dados meteo‑oceanográficos, climáticos, geofísicos e ambientais ","Física, Geológica, Química, Biológica","Meteo-Oceanográfico, climáticos, geofísicos e ambientais",NOAA,Global,,USA,https://data.noaa.gov/onestop/,,,,
Netuno,Banco de Dados Ambientais NETUNO,Agregador,Ativo,Nao,Sim,Alguns conjuntos de dados individuais podem ter restricoes,Não,,"Repositório, Portal de Dados","Portal Web, Visualização iterativa, Outros","Sistema mantido pela Lab de Informática da Biodiversidade e Geomática (LibGeo) da Universidade do Vale do Itajaí (UNIVALI), focado em dados ambientais para licenciamento e monitoramento costeiro e marinho. ","Física, Biológica","Avistagens de fauna marinha, detecções acústicas, ocorrência de aves a bordo, ocorrências em praias, dados de margens equatoriais e bacias offshore ",UNIVALI,Nacional,,Brasil,http://libgeo.acad.univali.br/bandar/#page-top,,,,
NOAA ERDDAP,NOAA's Environmental Research Division’s Data Access Program,Agregador,Ativo,Nao,Sim,,Não,,"Repositório, Portal de Dados","Portal Web, ERDDAP","Servidor de dados que oferece acesso padronizado a subconjuntos de datasets científicos e permite gerar gráficos e mapas; inclui dados de satélites, boias e outros instrumentos.","Física, Geológica, Química, Biológica",Meteo-Oceanográfico,NOAA,Global,,USA,https://www.ncei.noaa.gov/erddap/index.html,,,,
O mar está pra peixe ,O mar está pra peixe,Agregador,Extinto,Nao,Sim,,Não,,"Catálogo, Analítico, Ferramenta","Portal Web, Visualização iterativa",Compilação de dados do estado do Rio de Janeiro. Não atualizado. ,"Física, Biológica",Desembarque de pesca,UFRJ,Nacional,Rio de Janeiro,Brasil,https://bit.ly/O_mar_esta_para_peixes,Referência: https://revistas.ufrj.br/index.php/aigeo/article/view/53432/pdf,,,
OBIS,Ocean Biogeographic Information System,Agregador,Ativo,Nao,Sim,,Sim,,"Repositório, Portal de Dados","Portal Web, Visualização iterativa, API, WFS, WMS, OGC, Outros",Sistema global que integra registros de ocorrência de espécies marinhas de diversas fontes e instituições.,Biológica,"Ocorrência de espécies, biodiversidade marinha","IOC UNESCO, WMO",Global,,Internacional,https://obis.org/data/access/,,,,
OCA,Observatório da Costa Amazônica,Agregador e Provedor,Ativo,Sim,Parcialmente,,Não,,"Repositório, Portal de Dados","Portal Web, Visualização iterativa, Outros","O OCA se dedica para a geração contínua de dados ambientais e sociais, além de promover o compartilhamento dessas informações para integrar os diversos setores da sociedad",Física,Meteo-Oceanográfico,UFP,Nacional,,Brasil,https://oca.eco.br/pt_br/banco-de-dados/,,,,
Ocean Expert,Directory of Marine and Freshwater Professionals,Agregador,Ativo,Nao,Sim,,Não,,Catálogo,"Portal Web, Outros, Visualização iterativa",Diretorio de profissionais das ciencias marinhas e de aguas doces,Social,Dados de profissionais da oceanografia,IODE,Global,,Internacional,OceanExpert - A Directory of Marine and Freshwater Professionals,,,,
Ocean of Things,Ocean of Things – Defense Advanced Research Projects Agency,Agregador,Em desenvolvimento,Nao,Parcialmente,,Não,,"Catálogo, Repositório, Portal de Dados","Portal Web, ERDDAP, Outros",Rede de sensores flutuantes coletando dados oceânicos e ambientais de forma autônoma.,Física,"Temperatura, ondas, Correntes, posição GPS",DARPA,Global,,USA,https://oceanofthings.darpa.mil/#Data,,,,
OceanSITES,Ocean Sustained Interdisciplinary Timeseries Environment Observation System,Agregador e Provedor,Ativo,Sim,Sim,,Sim,,"Repositório, Portal de Dados, Modelos","Portal Web, OPeNDAP, Outros, Visualização iterativa","Rede global de observatórios fixos que monitoram propriedades físicas, químicas e biogeoquímicas do oceano.","Física, Geológica, Química, Biológica","Temperatura, Salinidade, CO₂, nutrientes, Correntes, fluxo de calor","GOOS, CLIVAR, OOPC",Global,,Internacional,http://www.oceansites.org/data/index.html,,,,
ODIS,Ocean Data and Information System,Agregador,Ativo,Nao,Sim,,Sim,,Catálogo,Portal Web,"O Ocean Data and Information System (ODIS) é um ecossistema digital no qual uma comunidade global de organizações, grandes e pequenas, compartilha e troca seus (meta)dados para melhor compreender e gerenciar os oceanos.","Física, Geológica, Química, Biológica",Multi-temáticos,IODE,Global,,Internacional,https://oceaninfohub.org/,,,,
ODIS Catalogue,ODIS Catalogue of Sources,Agregador,Ativo,Nao,Sim,,Sim,,Catálogo,Portal Web,"O “Catálogo de Fontes” do ODIS tem como objetivo ser um catálogo online pesquisável e navegável de fontes e sistemas web relacionados ao oceano, incluindo dados, informações, produtos e serviços. Ele também fornecerá informações sobre produtos e visualizará o panorama (entidades e suas conexões) das fontes de dados e informações oceânicas.","Física, Geológica, Química, Biológica",Metadados e fontes de dados,IODE,Global,,Internacional,IOC Ocean Data and Information System Catalogue,,,,
ODP,Ocean Data Plataform,Agregador,Ativo,Parciamente,Parcialmente,Alguns conjuntos de dados individuais podem ter restricoes,Sim,Possui API documentada,"Repositório, Portal de Dados","Portal Web, API, Visualização iterativa, Outros","Plataforma digital que integra, harmoniza e disponibiliza dados oceânicos de diferentes origens, permitindo análise e compartilhamento via hub de dados.","Física, Geológica, Química, Biológica","Meteo-oceanográficas, variáveis ambientais, socioeconômicas e de uso oceânico",HubOcean,Global,,Noruega,https://app.hubocean.earth/,,,,
OOI,Ocean Observatories Initiative,Agregador e Provedor,Ativo,Sim,Sim,,Sim,,"Repositório, Portal de Dados","Portal Web, API, Outros","Rede de observatórios instrumentados que fornecem dados contínuos e em tempo real sobre processos físicos, químicos, geológicos e biológicos nos oceanos.","Física, Geológica, Química","Temperatura, Salinidade, pH, CO₂, Correntes, oxigênio, nutrientes, dados geofísicos","NSF, WHOI, OSU, UW",Global,,USA,OOI Data Explorer,,,,
Pamgia,Plataforma de Análise e Monitoramento Geoespacial da Informação Ambiental,Agregador e Provedor,Ativo,Nao,Sim,Alguns conjuntos de dados individuais podem ter restricoes,Não,,"Repositório, Portal de Dados","Portal Web, Outros, Visualização iterativa","Plataforma integradora do IBAMA que centraliza e disponibiliza dados geoespaciais e ambientais para planejamento, prevenção e fiscalização ambiental. ","Física, Biológica","Camadas geoespaciais de uso da terra, polígono de áreas embargadas, licenciamento ambiental, unidades municipais. ",IBAMA,Nacional,,Brasil,https://pamgia.ibama.gov.br,,,,
PANGAEA ,PANGAEA – Data Publisher for Earth & Environmental Science,Agregador e Provedor,Ativo,Nao,Sim,,Não,,"Catálogo, Repositório, Portal de Dados",Portal Web,"O PANGAEA é um sistema de informação de acesso aberto que funciona como uma biblioteca para arquivar, publicar e distribuir dados georreferenciados de pesquisas do sistema terrestre. O PANGAEA garante a disponibilidade de longo prazo (mais de 10 anos) de seu conteúdo e está aberto a qualquer projeto, instituição ou cientista para uso, arquivamento e publicação de dados.","Física, Geológica, Química, Biológica",Multi-temáticos,"AWI, MARUM",Global,,Alemanha,https://www.pangaea.de/?t=Oceans,,,,
PesqBrasil,PesqBrasil Pescador e Pescadora Profissional,Agregador,Indefinido,Nao,Sim,,Não,,"Repositório, Portal de Dados",Portal Web,"Contém dados de pescadores registrados no PesqBrasil Pescador e Pescadora Profissional,","Social, Biológica","Nome do pescador, tipo data de nascimento, nível escolaridade, tipo alfabetização, sexo, categoria, forma de atuação, UF e município.",MPA,Nacional,,Brasil,https://dados.gov.br/dados/conjuntos-dados/base-de-dados-dos-registros-de-pescadores-e-pescadoras-profissionais,,,,
Pirata,Prediction and Research Moored Array in the Tropical Atlantic,Provedor,Ativo,Sim,Sim,,Não,"Apenas download manual disponível, após seleção de equipamento e parâmetros. Não possui API e meios estruturados de se realizar a integração de forma automatizada","Repositório, Portal de Dados",Portal Web,Rede de bóias amarradas no Atlântico Tropical para estudo da interação oceano‑atmosfera e variabilidade climática.,Física,"Temperatura, pressão, vento, Correntes, Ondas","NOAA, INPE, Ifremer",AtlanticoSul,,Internacional,https://www.pmel.noaa.gov/tao/drupal/disdel/,,,,
PMAP,Projeto de Monitoramento da Atividade Pesqueira,Provedor,Ativo,Nao,Parcialmente,Alguns conjuntos de dados individuais podem ter restricoes,Não,,"Catálogo, Portal de Dados",Portal Web,"Projeto que monitora atividade pesqueira (Brasil) com dados sobre esforços, embarcações, captura e socioeconomia.",Biológica,"Dados de embarcações, esforço pesqueiro, variáveis socioeconômicas",IBAMA,Nacional,"Rio de Janeiro, Sao Paulo, Santa Catarina, Parana",Brasil,https://comunicabaciadesantos.petrobras.com.br/projeto-de-monitoramento-da-atividade-pesqueira-pmap-,,,,
PNBOIA,Programa Nacional de Boias,Provedor,Indefinido,Nao,Não,Dados nao estao disponiveis no momento,Não,"Sistema não apresenta nenhuma informação, mesmo em consultas manuais, inviabilizando as tentativas de acesso automatizado aos dados. Não aparenta possuir API","Catálogo, Portal de Dados","Portal Web, Visualização iterativa","O PNBOIA monitora fenômenos meteorológicos e oceanográficos no Atlântico Sul e Tropical por meio de boias de deriva e boias de fundeio. As boias coletam dados como Temperatura da superfície do mar, Correntes, pressão atmosférica, vento, radiação solar, perfil vertical de Temperatura, Salinidade e características das ondas, apoiando previsão do tempo, estudos climáticos e monitoramento de fenômenos atmosféricos e oceanográficos.",Física,"Temperatura, Correntes, Pressão atmosférica, Vento, Temperatura, Umidade relativa do ar, Radiação solar, Salinidade, Ondas",CHM,Nacional,,Brasil,https://www.marinha.mil.br/chm/dados-do-goos-brasil/pnboia-mapa,,,,
Projeto Azul,Projeto Azul – Sistema de Observação e Previsão Oceânica na Bacia de Santos,Agregador e Provedor,Ativo,Nao,Não,,Não,,"Repositório, Portal de Dados","Portal Web, Visualização iterativa","O Projeto Azul é uma parceria entre a Shell Brasil, o LAMCE/COPPE-UFRJ e a Prooceano para desenvolver um sistema de observação e previsão oceânica na Bacia de Santos. O projeto utiliza gliders e veículos autônomos de superfície para coletar dados sobre Correntes, ondas, Temperatura e Salinidade, que são assimilados em modelos numéricos de alta resolução para apoiar o monitoramento e a segurança das operações offshore.",Física,"Correntes, Ondas, Temperatura, Salinidade",LAMCE,Nacional,Bacia de Santos,Brasil,http://www.projetoazul.eco.br/dados/efetuar-login?redirect=http%3A%2F%2Fwww.projetoazul.eco.br%2Fdados,,,,
Projeto Costa Norte,Projeto Costa Norte,Agregador e Provedor,Extinto,Nao,Sim,,Não,,Portal de Dados,"Portal Web, Visualização iterativa","O Projeto Costa Norte se destaca ainda por integrar grupos de pesquisa com diferentes expertises em uma cooperação entre a ENAUTA, o Núcleo de Estudos em Geoquímica e Ecologia Marinha e Costeira (NEGEMC) da UERJ, o Laboratório de Métodos Computacionais em Engenharia (LAMCE) da COPPE/UFRJ, o Laboratório de Pesquisa em Monitoramento Ambiental Marinho (LAPMAR) da UFPA e a PROOCEANO, uma empresa brasileira de tecnologia oceanográfica, para o desenvolvimento de um método para determinação da vulnerabilidade de manguezais à contaminação por óleo e para produzir conhecimento sobre características locais da Costa Norte brasileira","Física, Química, Biológica","Correntes, batimetria, uso da terra, coorte de mangue, perfis, sistemas de dispersão de óleo",LAMCE,Nacional,Costa Norte Brasileira,Brasil,http://projetocostanorte.eco.br/,,,,
ProPesq,Programa de Monitoramento Pesqueiro do Instituto de Pesca de Sao Paulo,Provedor,Ativo,Nao,Não,,Não,,"Repositório, Portal de Dados",Portal Web,"Os dados disponibilizados por esta ferramenta de relatórios são de propriedade do Instituto de Pesca de São Paulo e devem ser referenciados como provenientes do Programa de Monitoramento da Atividade Pesqueira Marinha e Estuarina do Instituto de Pesca na seguinte forma: IP/APTA/SAA/SP. Estatística Pesqueira Marinha e Estuarina do Estado de São Paulo. Consulta On-line. Programa de Monitoramento da Atividade Pesqueira Marinha e Estuarina do Estado de São Paulo. Instituto de Pesca (IP), Agência Paulista de Tecnologia dos Agronegócios (APTA), Secretaria de Agricultura e Abastecimento do Estado de São Paulo (SAA/SP). Disponível em: http://www.propesq.pesca.sp.gov.br/. Acesso em: “completar com a data (Dia-Mês-Ano) de acesso”.",Biológica,"Agrupadores, Ano, Mês, Município, Aparelho de Pesca, Nível Taxonômico, Pescado, Tipo de Pesca, Variáveis, kg no Período, nº de descargas do período, nº de Unidades Produtivas, valor estimado no período",Pesca SP,Nacional,Sao Paulo,Brasil,http://www.propesq.pesca.sp.gov.br/,,,,
R2R,Rolling Deck to Repository,Agregador e Provedor,Ativo,Nao,Sim,,Sim,,"Repositório, Portal de Dados","Portal Web, API, Visualização iterativa","Programa que gere dados de sensores embarcados em navios de investigação (sensores oceânicos, meteorológicos, geofísicos) para arquivamento e divulgação aberta. ","Física, Geológica, Química, Biológica",Meteo-Oceanográfico,FSU,Global,,USA,https://www.rvdata.us/,,,,
RAM Legacy,Ram Legacy Stock Assessment Database,Agregador,Ativo,Nao,Sim,,Não,,"Repositório, Portal de Dados, Analítico, Modelos, Ferramenta",Portal Web,"Banco de dados global de avaliações de estoques pesqueiros, com informações sobre abundância, mortalidade e exploração de diversas espécies comerciais.",Biológica,"Dados de avaliações de estoque, capturas, mortalidade e esforço de pesca",RAM Legacy,Global,,USA,https://www.ramlegacy.org,,,,
Rede Amazônia Azul,Rede Amazônia Azul,Agregador,Ativo,Nao,Sim,,Não,,"Repositório, Portal de Dados",Portal Web,"Rede de dados ambientais da zonalíssima “Amazônia Azul” brasileira – inclui geofísica, socioeconomia, conservação. ","Biológica, Física","Dados geofísicos, socioeconômicos, recursos ambientais, zonas de proteção.",UNIVALI,Nacional,Margem Equatorial Brasileira,Brasil,http://libgeo.acad.univali.br/aazul,,,,
REMO,Rede de Modelagem e Observação Oceânica ,Agregador e Provedor,Ativo,Nao,Sim,,Não,,"Repositório, Portal de Dados, Catálogo",Portal Web,"Modelos regionais de Correntes, ondas e TSM",Física,Meteo-Oceanográfico,"Unceme, UFRJ, USP, FURG",Nacional,,Brasil,https://www.rederemo.org/dados/,,,,
RENOMO,Rede Nacional de Observação e Monitoramento Oceanico,Agregador,Em desenvolvimento,Nao,Não,,Não,,"Repositório, Portal de Dados, Catálogo",Portal Web,"A ReNOMO é uma rede composta por distintos programas de observação dos oceanos no escopo do Atlântico Sul e Tropical,","Física, Geológica, Química, Biológica",Meteo-Oceanográfico,ReNOMO,AtlanticoSul,Atlantico Sul e Tropical,Brasil,https://renomo.org.br/renomo,,,,
Salve,Sistema de Avaliação do Risco de Extinção da Biodiversidade,Agregador,Ativo,Nao,Sim,,Não,,"Repositório, Portal de Dados, Catálogo","Portal Web, Visualização iterativa",Base consolidada pelo ICMBio para armazenamento de informações sobre espécies e processos de avaliação de risco de extinção.,Biológica,"Registros de espécies, status de ameaça, distribuição geográfica",ICMBio,Nacional,,Brasil,https://salve.icmbio.gov.br/#/,,,,
Seabird Tracking Database,Seabird Tracking Database,Agregador,Ativo,Nao,Sim,,Não,,"Repositório, Portal de Dados",Portal Web,Banco de dados global de rastreamento de aves marinhas; usuários podem navegar e solicitar dados.,Biológica,"Trajetórias de aves marinhas, dados de rastreamento",BirdLife International,Global,,Internacional,Home - Seabird Tracking Database,,,,
SeaDataNet,SeaDataNet,Agregador,Ativo,Nao,Sim,,Sim,,"Repositório, Portal de Dados","Portal Web, API",Infraestrutura europeia para harmonização e acesso a grandes volumes de dados marinhos de diversas disciplinas.,"Física, Geológica, Química, Biológica","Temperatura, Salinidade, Correntes, nutrientes, sedimentos, biologia",EU,Global,,União Européia,About us - SeaDataNet,,,,
SiBBr,Sistema de Informação sobre a Biodiversidade Brasileira,Agregador,Ativo,Nao,Sim,,Não,"Processo de consulta através de mapa ou filtros. Única referência a “API”, nos detalhes de um registro, não aparenta seguir qualquer padrão. Um dos registros redirecionava a API para um site australiano (ala.org.au)","Repositório, Portal de Dados",Portal Web,"Plataforma nacional para organização, armazenagem e disponibilização de dados sobre biodiversidade e ecossistemas do Brasil.",Biológica,"Registros de ocorrência de fauna e flora, metadados de biodiversidade",MCTI,Nacional,,Brasil,https://collectory.sibbr.gov.br/collectory/?lang=pt_BR,OBIS Brazil esta disponibilizado pelo SIBBr,,,"As informações pessoais fornecidas pelos usuários registrados no SiBBr são regidas pela Lei 13.709, de agosto de 2018– Lei Geral de Proteção de Dados Pessoais. Os usuários devem citar a página do SiBBr, além do publicador de dados, de acordo com a licença associada ao conjunto de dados."
SIMCosta,Sistema de Monitoramento da Costa Brasileira,Agregador e Provedor,Ativo,Parciamente,Sim,,Não,,"Repositório, Portal de Dados",Portal Web,"O “Sistema de Monitoramento da Costa Brasileira (SiMCosta)” é uma rede integrada de plataformas flutuantes ou fixas, dotadas de instrumentos e sensores, com funcionamento autônomo e capacidade de coletar regularmente variáveis oceanográficas e meteorológicas, transmitindo-as para uma central de processamento na FURG e, imediatamente disponibilizando gratuitamente os dados processados ao público alvo.",Física,"Radiação solar, Vento, Temperatura do ar, umidade relativa, pressão atmosférica e concentração de CO2. Pressão, condutividade, Temperatura, fluorescência, pH, turbidez, matéria orgânica dissolvida colorida, Correntes, ondas e nível do mar.",FURG,Nacional,,Brasil,https://simcosta.furg.br/home,,,,
SIMMAM,Sistema de Apoio ao Monitoramento de Mamíferos Marinhos,Agregador,Ativo,Nao,Sim,,Não,,"Repositório, Portal de Dados",Portal Web,Os dados cadastrados no SIMMAM são feitos por instituições que trabalham com pesquisa ou conservação de mamíferos aquáticos e que são usuários cadastrado no sistema. Além disso dados existentes na literatura científica também são inseridos no sistema e podem ser visualizados no mesmo mapa.,Biológica,"Encalhes, capturas acidentais, avistamentos, material biologico, taxonomia, parametros ambientais",UNIVALI,Nacional,,Brasil,https://simmam.acad.univali.br/,,,,
SISBia,Sistema de Gestão de Dados de Biodiversidade para Avaliação de Impacto Ambiental,Agregador,Ativo,Nao,Sim,,Não,,"Repositório, Portal de Dados",Portal Web,"O registro no SISBia torna-se obrigatório para estudos e relatórios ambientais gerados a partir de termos de referência, licenças ou autorizações emitidas após 11 de agosto de 2025, e para todos os estudos protocolados no Ibama após um ano dessa data. Relatórios anteriores podem ser inseridos voluntariamente ou por exigência do Ibama. O sistema contará com API para importação de dados de outros bancos. O responsável pela atividade deve realizar o registro e anexar o recibo emitido pelo SISBia aos estudos protocolados no Ibama. A aceitação de relatórios pelo órgão dependerá da comprovação de inserção dos dados no sistema. O Ibama disponibilizará orientações e manual de uso em seu site. Os dados cadastrados serão de uso público, com acesso e reutilização permitidos, salvo restrições legais.",Biológica,Multi-temáticos,MMA,Nacional,,Brasil,https://sicae.sisicmbio.icmbio.gov.br/usuario-externo/login,,,,
SISBIO ,Sistema de Autorização e Informação em Biodiversidade,Agregador,Ativo,Nao,Sim,,Não,,"Repositório, Portal de Dados",Portal Web,"Banco de dados gerenciado pelo ICMBio para autorizar e registrar pesquisas científicas, didáticas e de manejo que envolvam material biológico ou se realizem em unidades de conservação federais e cavidades naturais, além de permitir o acompanhamento da biodiversidade no Brasil",Biológica,"Ocorrência e distribuicao de especies.  Dados genéticos, relatorios de projetos, autorizações e licenças, ",ICMBio,Nacional,,Brasil,https://sicae.sisicmbio.icmbio.gov.br/usuario-externo/login,,,,
SisRGP,Sistema Informatizado do Registro Geral da Atividade Pesqueira,Provedor,Indefinido,Nao,Parcialmente,Com login gov.br,Não,,"Repositório, Portal de Dados",Portal Web,Contém dados de empresas pesqueiras no Sistema Informatizado do Registro Geral da Atividade Pesqueira (SisRGP),Biológica,Dados de entidades pesqueiras,MPA,Nacional,,Brasil,https://dados.gov.br/dados/conjuntos-dados/base-de-dados-de-registros-de-empresas-pesqueiras,,,,
SISS-geo,Sistema de Informação em Saude Silvestre,Agregador e Provedor,Ativo,Nao,Sim,,Não,,"Repositório, Portal de Dados","Portal Web, Outros","O SISS-Geo da Fiocruz é uma ferramenta gratuita para web e smartphones que permite monitorar a saúde de animais silvestres em áreas naturais, rurais e urbanas. O sistema apoia a investigação de agentes causadores de doenças e funciona como instrumento de ciência cidadã, permitindo que cidadãos, profissionais e pesquisadores contribuam com registros, promovendo prevenção de zoonoses e conservação da biodiversidade.",Biológica,"Ocorrência de animais silvestres, fotos, informações do animal registrado, variaveis ambientais, localização geográfica",FioCRUZ,Nacional,,Brasil,https://sissgeo.lncc.br/apresentacao.xhtml,,,,
SOCAT,Surface Ocean CO₂ Atlas,Agregador,Ativo,Nao,Sim,,Não,"Embora não possua API de forma explícita, a consulta manual dos dados permite retornar uma URL de acesso aos registros, com parâmetros como datas e IDs, viabilizando a integração","Repositório, Portal de Dados",Portal Web,"O Surface Ocean CO₂ Atlas (SOCAT) é uma iniciativa de síntese de observações de fCO₂ (fugacidade do dióxido de carbono) na superfície oceânica, realizadas pela comunidade internacional de pesquisa em carbono marinho (>100 colaboradores). Os dados do SOCAT são públicos, acessíveis e passíveis de citação.","Física, Química",fCO₂ da superfície oceânica,Marine Carbon Community,Global,,Internacional,https://app.hubocean.earth/catalog/dataset/88dc7aff-c1d7-4021-9712-b28c8eccc50b/pgs-physics-data-ctd-profiles-raw-files https://socat.info/index.php/version-2025/,,,,
SpeciesLink,SpeciesLink,Agregador,Ativo,Nao,Sim,,Indefinido,,"Repositório, Catálogo",Portal Web,"Registro taxonômico de espécies de fauna e flora, integrando dados de diversas instituições.",Biológica,"Espécies, táxons, sinônimos, status taxonômico",CRIA,Global,,Brasil,https://specieslink.net/,,,,
SWST,State of the world's sea turtles,Agregador,Ativo,Nao,Sim,,Não,,"Repositório, Portal de Dados",Portal Web,"Plataforma colaborativa que reúne dados globais sobre o estado de conservação das tartarugas marinhas, incluindo distribuição, ameaças, esforços de manejo e tendências populacionais.",Biológica,"Ocorrência, habitats, ameaças, conservação",SWOT Network,Global,,Internacional,https://www.seaturtlestatus.org,,,,
WCMC,UNEP World Conservation Monitoring Centre Ocean Data Viewer,Agregador,Ativo,Nao,Sim,,Sim,,"Repositório, Portal de Dados","Portal Web, Visualização iterativa, API","Plataforma do UNEP-WCMC que disponibiliza conjuntos de dados geoespaciais sobre áreas marinhas protegidas, habitats críticos, biodiversidade e serviços ecossistêmicos.",Biológica,"Áreas marinhas protegidas, habitats, biodiversidade",UNEP,Global,,Internacional,https://data.unep-wcmc.org,,,,
WOA,World Ocean Atlas,Agregador,Ativo,Nao,Sim,,Não,,"Repositório, Portal de Dados","Portal Web, Visualização iterativa, Outros","O World Ocean Atlas (WOA) é um conjunto de dados climatológicos globais que fornece médias mensais, sazonais e anuais de variáveis oceanográficas derivadas de observações in situ. É amplamente utilizado em modelagem oceânica, estudos climáticos e calibração de sensores.",Física,"Temperatura, Salinidade, Oxigênio Dissolvido, Percentual de Saturação de Oxigênio, Utilização Aparente de Oxigênio, Silicato, Fosfato, Nitrato",NOAA,Global,,USA,https://www.ncei.noaa.gov/products/world-ocean-atlas,,,,
WOD,World Ocean Database,Agregador,Ativo,Nao,Sim,,Sim,Possui API documentada,"Repositório, Portal de Dados","Portal Web, API, Visualização iterativa, Outros","O World Ocean Database (WOD) é a maior coleção mundial de perfis oceanográficos históricos e contemporâneos, padronizados e com controle de qualidade. Inclui medições coletadas desde o século XVIII até hoje, provenientes de navios, boias e programas como Argo.",Física,"Temperatura, Salinidade, Oxigênio Dissolvido, Nutrientes, Clorofila, Dados Biogeoquímicos",NOAA,Global,,USA,https://www.ncei.noaa.gov/access/world-ocean-database-select/dbsearch.html,,,,
WoRMS,World Register of Marine Species,Agregador,Ativo,Nao,Sim,,Sim,,Catálogo,"Portal Web, API","O World Register of Marine Species (WoRMS) é o registro taxonômico mais completo de espécies marinhas, com informações atualizadas sobre nomes válidos, sinônimos e classificação hierárquica. Visa garantir consistência na nomenclatura científica e apoiar pesquisas de biodiversidade.",Biológica,"Espécies marinhas, táxons, sinônimos, status taxonômico",VLIZ,Global,,Internacional,http://www.marinespecies.org/index.php,,,,
Zenodo,Zenodo,Agregador,Ativo,Nao,Sim,,Sim,,"Catálogo, Repositório, Portal de Dados","Portal Web, API","Repositório aberto mantido pelo CERN para o compartilhamento de publicações, datasets, softwares e outros produtos científicos. Permite atribuição de DOI e controle de versões.","Geológica, Física, Química, Biológica, Social",Multi-temáticos,CERN,Global,,União Européia,https://zenodo.org/,,,,